observation_id,recommendation_id,developer_id,developer_name,task_id,task_title,project_id,project_name,recommendation_timestamp,model_name,model_version,environment,rank,recommendation_score,feedback_decision,was_assigned,assignment_status,completion_status,proposed_research_label,label_status,label_reason,validation_status,validator_name,validation_reason,validated_at
obs-3cce8a09,dfb2c9dc-73bb-45e9-b523-af67abc29e2a,044f330e-5700-423f-934a-7100fd8ee5f5,RealWorld Dev,4e620b7f-0861-4c9d-a0ad-74814f7a00f0,RW Task,950d08c1-2243-45b8-8c32-3290f21c9a49,RW Project,2026-09-18T11:19:10.758058+01:00,deterministic_baseline,baseline-v1,production,1,0.92,,False,RECOMMENDED,UNASSIGNED,,UNLABELED,Awaiting human review decision or task assignment outcome.,UNVALIDATED,,,
obs-a79a63c1,15fed9e6-7027-4b23-80c8-9dbc7136f595,a093cb7a-3383-4308-978c-e44f3f67d60c,RealWorld Dev,3ba469dc-803b-4921-b5f7-4d3bffa3bfdd,RW Task,309f021c-4421-42d9-abb1-faa7fac0254d,RW Project,2026-09-18T11:19:10.574056+01:00,deterministic_baseline,baseline-v1,production,1,0.92,,False,RECOMMENDED,UNASSIGNED,1,VALIDATED_LABEL,Human validated positive ground truth: Verified candidate expert competence.,VALIDATED_POSITIVE,RealWorld Dev,Verified candidate expert competence.,2026-09-18T11:19:10.596392+01:00
obs-045c6321,518d4ac8-0ee4-4332-b81b-8d113f254a26,2fc03b38-75c3-4a58-9571-2f4e009770e7,RealWorld Dev,d2460e52-dad6-485d-8a9a-86cd115fa3a0,RW Task,bd2f84a6-2902-4c97-8675-94a3b6de48aa,RW Project,2026-09-18T11:19:10.308020+01:00,deterministic_baseline,baseline-v1,production,1,0.92,IGNORED,False,RECOMMENDED,UNASSIGNED,,AMBIGUOUS,Reviewer decision was IGNORED; outcome ambiguous.,UNVALIDATED,,,
obs-0844baff,691a59fd-0d10-466e-b7a2-1284268b6253,3f099c99-0774-4f83-b308-8fb447bc4ff6,RealWorld Dev,5b5716cf-9d60-40eb-9107-62d89b33525a,RW Task,f7427ad3-7990-4fda-90c7-18990379c81b,RW Project,2026-09-18T11:19:10.024226+01:00,deterministic_baseline,baseline-v1,production,1,0.92,ACCEPTED,False,ACCEPTED,UNASSIGNED,1,WEAK_LABEL,Recommendation accepted by human reviewer.,UNVALIDATED,,,
obs-1cab23fa,3deb145d-b834-450b-8833-23691a933bda,b3dc193a-d005-4a90-aea7-752ec55c9848,RealWorld Dev,c78675d7-4e21-4800-a2f3-adb6054c7476,RW Task,d104627f-2301-4b35-8c8e-6a9cee3ccc98,RW Project,2026-09-18T11:19:09.517006+01:00,deterministic_baseline,baseline-v1,production,1,0.92,,False,RECOMMENDED,UNASSIGNED,,UNLABELED,Awaiting human review decision or task assignment outcome.,UNVALIDATED,,,
obs-c508b62c,d37369f4-475e-4c99-a243-a31c3a919918,9878fd9a-b51e-465b-9aee-eb361f154ee0,Rahul Patel,83153df6-009e-4d6a-9890-1082cea1694e,Build Payment Webhook Ingestion API,56f0b764-a417-47f6-b571-413aab9fc165,FinTech Payment Platform,2026-09-18T10:55:08.129619+01:00,deterministic_baseline,baseline-v2,production,4,55.61,,False,RECOMMENDED,UNASSIGNED,,UNLABELED,Awaiting human review decision or task assignment outcome.,UNVALIDATED,,,
obs-47988db5,cd58f355-fe96-4ae8-b28e-e2a302891b8f,3ce7fb68-090f-4664-b7ad-7b63d38c824e,David Wilson,83153df6-009e-4d6a-9890-1082cea1694e,Build Payment Webhook Ingestion API,56f0b764-a417-47f6-b571-413aab9fc165,FinTech Payment Platform,2026-09-18T10:55:08.108352+01:00,deterministic_baseline,baseline-v2,production,3,70.66,,False,RECOMMENDED,UNASSIGNED,,UNLABELED,Awaiting human review decision or task assignment outcome.,UNVALIDATED,,,
obs-f27cb23a,421f8ea7-13c0-4b36-bca3-25fe7e9f362b,495e6c84-44c7-465a-9d27-64111af79852,Alice Sharma,83153df6-009e-4d6a-9890-1082cea1694e,Build Payment Webhook Ingestion API,56f0b764-a417-47f6-b571-413aab9fc165,FinTech Payment Platform,2026-09-18T10:55:08.074981+01:00,deterministic_baseline,baseline-v2,production,2,82.83,,False,RECOMMENDED,UNASSIGNED,,UNLABELED,Awaiting human review decision or task assignment outcome.,UNVALIDATED,,,
obs-f76e0311,a4421952-7e7a-4e12-ae1a-63ce2cc03e84,603e62b4-617f-49fd-b025-b835b730dcbf,Priya Mehta,83153df6-009e-4d6a-9890-1082cea1694e,Build Payment Webhook Ingestion API,56f0b764-a417-47f6-b571-413aab9fc165,FinTech Payment Platform,2026-09-18T10:55:08.011621+01:00,deterministic_baseline,baseline-v2,production,1,84.08,,False,RECOMMENDED,UNASSIGNED,,UNLABELED,Awaiting human review decision or task assignment outcome.,UNVALIDATED,,,
obs-ca57d813,71be7513-9da8-424b-a78b-4105d5780ad2,9878fd9a-b51e-465b-9aee-eb361f154ee0,Rahul Patel,31cd2ab2-89b2-442e-b4b1-9830908e92f1,Multi-Cluster Kubernetes Ingress Controller,aee8ac9e-a97b-4169-ba3a-03a05b79ee1a,Internal Analytics Dashboard,2026-09-18T10:49:37.791543+01:00,deterministic_baseline,baseline-v2,production,4,45.9,,False,RECOMMENDED,UNASSIGNED,,UNLABELED,Awaiting human review decision or task assignment outcome.,UNVALIDATED,,,
obs-a483a129,78da0e7e-c743-4e71-ae91-efa2960af9e0,603e62b4-617f-49fd-b025-b835b730dcbf,Priya Mehta,31cd2ab2-89b2-442e-b4b1-9830908e92f1,Multi-Cluster Kubernetes Ingress Controller,aee8ac9e-a97b-4169-ba3a-03a05b79ee1a,Internal Analytics Dashboard,2026-09-18T10:49:37.780655+01:00,deterministic_baseline,baseline-v2,production,3,54.2,,False,RECOMMENDED,UNASSIGNED,,UNLABELED,Awaiting human review decision or task assignment outcome.,UNVALIDATED,,,
obs-6cfac682,73342174-759e-42a2-93df-94d8ee34abfe,3ce7fb68-090f-4664-b7ad-7b63d38c824e,David Wilson,31cd2ab2-89b2-442e-b4b1-9830908e92f1,Multi-Cluster Kubernetes Ingress Controller,aee8ac9e-a97b-4169-ba3a-03a05b79ee1a,Internal Analytics Dashboard,2026-09-18T10:49:37.766316+01:00,deterministic_baseline,baseline-v2,production,2,88.6,,False,RECOMMENDED,UNASSIGNED,,UNLABELED,Awaiting human review decision or task assignment outcome.,UNVALIDATED,,,
obs-8a512b23,4f0f12b6-0ce9-4c5e-8bb7-36fa88dfd414,495e6c84-44c7-465a-9d27-64111af79852,Alice Sharma,31cd2ab2-89b2-442e-b4b1-9830908e92f1,Multi-Cluster Kubernetes Ingress Controller,aee8ac9e-a97b-4169-ba3a-03a05b79ee1a,Internal Analytics Dashboard,2026-09-18T10:49:37.754152+01:00,deterministic_baseline,baseline-v2,production,1,71.4,,False,RECOMMENDED,UNASSIGNED,,UNLABELED,Awaiting human review decision or task assignment outcome.,UNVALIDATED,,,
obs-150b694e,94d0eb78-a4e4-465f-a172-741e9763c764,603e62b4-617f-49fd-b025-b835b730dcbf,Priya Mehta,aef7e4a1-5272-4ab6-806a-95c3fc86fbd7,Update Portal Privacy Policy & FAQ Copy,4c60fbaf-7fcf-4551-b0e4-310a1b1488f4,University Learning Portal,2026-09-18T10:49:37.654974+01:00,deterministic_baseline,baseline-v2,production,4,39.2,,False,RECOMMENDED,UNASSIGNED,,UNLABELED,Awaiting human review decision or task assignment outcome.,UNVALIDATED,,,
obs-8ef03851,dff5cdf5-3fcb-4711-a7eb-bedb3920be6b,3ce7fb68-090f-4664-b7ad-7b63d38c824e,David Wilson,aef7e4a1-5272-4ab6-806a-95c3fc86fbd7,Update Portal Privacy Policy & FAQ Copy,4c60fbaf-7fcf-4551-b0e4-310a1b1488f4,University Learning Portal,2026-09-18T10:49:37.641755+01:00,deterministic_baseline,baseline-v2,production,3,43.6,,False,RECOMMENDED,UNASSIGNED,,UNLABELED,Awaiting human review decision or task assignment outcome.,UNVALIDATED,,,
obs-d44c3439,2878ea86-44ea-4d39-82ac-a692a4fa5fe9,495e6c84-44c7-465a-9d27-64111af79852,Alice Sharma,aef7e4a1-5272-4ab6-806a-95c3fc86fbd7,Update Portal Privacy Policy & FAQ Copy,4c60fbaf-7fcf-4551-b0e4-310a1b1488f4,University Learning Portal,2026-09-18T10:49:37.631161+01:00,deterministic_baseline,baseline-v2,production,2,43.75,,False,RECOMMENDED,UNASSIGNED,,UNLABELED,Awaiting human review decision or task assignment outcome.,UNVALIDATED,,,
obs-3d0ff3d5,3377ce01-cc90-4383-bff8-9fa6de8a7960,9878fd9a-b51e-465b-9aee-eb361f154ee0,Rahul Patel,aef7e4a1-5272-4ab6-806a-95c3fc86fbd7,Update Portal Privacy Policy & FAQ Copy,4c60fbaf-7fcf-4551-b0e4-310a1b1488f4,University Learning Portal,2026-09-18T10:49:37.619906+01:00,deterministic_baseline,baseline-v2,production,1,90.9,,False,RECOMMENDED,UNASSIGNED,,UNLABELED,Awaiting human review decision or task assignment outcome.,UNVALIDATED,,,
obs-22c52339,4c9e38b1-e929-4761-8710-b634b9ae577c,9878fd9a-b51e-465b-9aee-eb361f154ee0,Rahul Patel,3239575d-78f2-48b7-bb64-f7f95e90730b,Core Transaction Idempotency & Settlement Engine,56f0b764-a417-47f6-b571-413aab9fc165,FinTech Payment Platform,2026-09-18T10:49:37.520709+01:00,deterministic_baseline,baseline-v2,production,4,55.34,,False,RECOMMENDED,UNASSIGNED,,UNLABELED,Awaiting human review decision or task assignment outcome.,UNVALIDATED,,,
obs-f38d8f70,97ecf526-2389-4b7a-8cd1-8d7e98c6d008,3ce7fb68-090f-4664-b7ad-7b63d38c824e,David Wilson,3239575d-78f2-48b7-bb64-f7f95e90730b,Core Transaction Idempotency & Settlement Engine,56f0b764-a417-47f6-b571-413aab9fc165,FinTech Payment Platform,2026-09-18T10:49:37.509938+01:00,deterministic_baseline,baseline-v2,production,3,69.71,,False,RECOMMENDED,UNASSIGNED,,UNLABELED,Awaiting human review decision or task assignment outcome.,UNVALIDATED,,,
obs-8e62adc0,7cffe9b4-cc9b-42a8-98ea-256e63b61a0a,603e62b4-617f-49fd-b025-b835b730dcbf,Priya Mehta,3239575d-78f2-48b7-bb64-f7f95e90730b,Core Transaction Idempotency & Settlement Engine,56f0b764-a417-47f6-b571-413aab9fc165,FinTech Payment Platform,2026-09-18T10:49:37.499068+01:00,deterministic_baseline,baseline-v2,production,2,81.85,,False,RECOMMENDED,UNASSIGNED,,UNLABELED,Awaiting human review decision or task assignment outcome.,UNVALIDATED,,,
obs-6774992b,44caa1d0-6ca3-4a0b-9b8a-82519353a42d,495e6c84-44c7-465a-9d27-64111af79852,Alice Sharma,3239575d-78f2-48b7-bb64-f7f95e90730b,Core Transaction Idempotency & Settlement Engine,56f0b764-a417-47f6-b571-413aab9fc165,FinTech Payment Platform,2026-09-18T10:49:37.483331+01:00,deterministic_baseline,baseline-v2,production,1,88.31,,False,RECOMMENDED,UNASSIGNED,,UNLABELED,Awaiting human review decision or task assignment outcome.,UNVALIDATED,,,
obs-837398af,f795e79e-0bb0-4f91-8908-63af43d8b747,603e62b4-617f-49fd-b025-b835b730dcbf,Priya Mehta,77fc21b4-43b9-4702-8af1-f2da8a40d5eb,Design Student Course Recommendation Schema,4c60fbaf-7fcf-4551-b0e4-310a1b1488f4,University Learning Portal,2026-09-18T10:49:37.363527+01:00,deterministic_baseline,baseline-v2,production,4,83.82,,False,RECOMMENDED,UNASSIGNED,,UNLABELED,Awaiting human review decision or task assignment outcome.,UNVALIDATED,,,
obs-eed560a5,23112035-04de-4579-93bf-7632c06a6fc6,3ce7fb68-090f-4664-b7ad-7b63d38c824e,David Wilson,77fc21b4-43b9-4702-8af1-f2da8a40d5eb,Design Student Course Recommendation Schema,4c60fbaf-7fcf-4551-b0e4-310a1b1488f4,University Learning Portal,2026-09-18T10:49:37.344379+01:00,deterministic_baseline,baseline-v2,production,3,86.46,,False,RECOMMENDED,UNASSIGNED,,UNLABELED,Awaiting human review decision or task assignment outcome.,UNVALIDATED,,,
obs-98352090,6fb8fd22-7391-4a03-a344-882113c7cfa0,9878fd9a-b51e-465b-9aee-eb361f154ee0,Rahul Patel,77fc21b4-43b9-4702-8af1-f2da8a40d5eb,Design Student Course Recommendation Schema,4c60fbaf-7fcf-4551-b0e4-310a1b1488f4,University Learning Portal,2026-09-18T10:49:37.329290+01:00,deterministic_baseline,baseline-v2,production,2,61.97,,False,RECOMMENDED,UNASSIGNED,,UNLABELED,Awaiting human review decision or task assignment outcome.,UNVALIDATED,,,
obs-11426e63,6d8fb9f6-9a36-4abf-829a-61fd49f17240,495e6c84-44c7-465a-9d27-64111af79852,Alice Sharma,77fc21b4-43b9-4702-8af1-f2da8a40d5eb,Design Student Course Recommendation Schema,4c60fbaf-7fcf-4551-b0e4-310a1b1488f4,University Learning Portal,2026-09-18T10:49:37.301185+01:00,deterministic_baseline,baseline-v2,production,1,88.75,,False,RECOMMENDED,UNASSIGNED,,UNLABELED,Awaiting human review decision or task assignment outcome.,UNVALIDATED,,,
